asset1,asset2,covariance,correlation,sampled_covariance
ADSK,ADSK,0.00114411,1,9.15E-06
ADSK,ASBC,7.14E-05,0.113677,-7.35E-08
ADSK,BBV,0.000121152,0.171578,-1.17E-07
ADSK,BOW,5.88E-05,0.0821338,-1.05E-06
ADSK,BXS,4.88E-05,0.0649285,3.33E-07
ADSK,CAJ,9.87E-05,0.136328,-1.83E-07
ADSK,CCU,9.38E-05,0.117324,2.80E-07
ADSK,CI,6.85E-05,0.113866,1.73E-07
ADSK,CIN,2.50E-05,0.062469,-3.50E-07
ADSK,CTAS,0.000124475,0.158089,1.11E-06
ADSK,CTL,9.76E-05,0.149475,2.29E-07
ADSK,CVC,9.82E-05,0.116247,1.91E-07
ADSK,DAL,0.000130735,0.169077,-4.35E-07
ADSK,DDS,0.000117647,0.149478,8.78E-07
ADSK,DUK,1.49E-05,0.033785,-1.82E-07
ADSK,EIX,2.56E-05,0.0344564,5.72E-08
ADSK,ETR,6.63E-06,0.0136596,-2.46E-07
ADSK,FISV,0.000130891,0.150579,1.23E-06
ADSK,FNF,8.39E-05,0.101331,7.93E-07
ADSK,FRE,0.00010043,0.145592,-5.44E-07
ADSK,GENZ,0.00019973,0.180023,1.37E-06
ADSK,GPC,6.04E-05,0.132387,-1.29E-07
ADSK,HP,9.62E-05,0.120853,1.25E-06
ADSK,IR,0.000120146,0.164606,-3.93E-07
ADSK,KBH,0.000150784,0.155709,2.66E-07
ADSK,KLAC,0.000395888,0.268833,3.80E-06
ADSK,LNT,2.56E-05,0.0625761,3.03E-08
ADSK,LOW,0.000131429,0.149176,2.51E-07
ADSK,LRCX,0.000344938,0.167243,-4.58E-06
ADSK,LZ,8.49E-05,0.149128,-3.21E-07
ADSK,MIK,0.000179682,0.148313,1.02E-06
ADSK,MMM,7.59E-05,0.146464,-2.72E-07
ADSK,MWV,7.54E-05,0.122466,-4.31E-07
ADSK,NDE,8.88E-05,0.0951249,-1.83E-07
ADSK,NFG,1.58E-05,0.0369698,7.89E-07
ADSK,NTRS,8.81E-05,0.135221,7.48E-07
ADSK,NYT,8.57E-05,0.134784,-8.74E-07
ADSK,ODP,0.000135011,0.127806,8.16E-08
ADSK,OKE,5.55E-05,0.0959835,2.81E-07
ADSK,PKS,9.90E-05,0.0518968,-1.10E-07
ADSK,PMTC,0.000399252,0.281164,1.43E-06
ADSK,R,9.19E-05,0.135796,-7.63E-08
ADSK,RSH,0.000159699,0.176695,-4.36E-07
ADSK,SAFC,7.35E-05,0.11804,4.82E-07
ADSK,SKS,7.01E-05,0.0637053,-1.40E-06
ADSK,VZ,6.45E-05,0.1104,-2.18E-07
ADSK,WPO,5.50E-05,0.147179,2.09E-07
ADSK,XRAY,6.40E-05,0.0833702,1.05E-06
ADSK,XRX,0.000135601,0.141491,1.45E-06
ASBC,ASBC,0.00034514,1,3.64E-06
ASBC,BBV,6.24E-05,0.160954,1.65E-07
ASBC,BOW,5.36E-05,0.136291,-8.10E-07
ASBC,BXS,2.57E-05,0.0623122,-3.71E-07
ASBC,CAJ,3.82E-05,0.096092,3.83E-07
ASBC,CCU,6.35E-05,0.144515,6.05E-07
ASBC,CI,4.32E-05,0.13081,4.98E-07
ASBC,CIN,1.90E-05,0.0863774,2.32E-07
ASBC,CTAS,8.27E-05,0.191121,1.70E-06
ASBC,CTL,4.02E-05,0.112158,9.98E-07
ASBC,CVC,4.28E-05,0.0923707,1.90E-07
ASBC,DAL,5.11E-05,0.120279,3.61E-07
ASBC,DDS,5.04E-05,0.116591,3.25E-07
ASBC,DUK,9.24E-06,0.038019,-2.31E-07
ASBC,EIX,2.00E-05,0.048936,-2.01E-07
ASBC,ETR,7.14E-06,0.0267668,3.03E-07
ASBC,FISV,6.49E-05,0.136038,1.24E-06
ASBC,FNF,6.88E-05,0.151155,1.08E-08
ASBC,FRE,6.17E-05,0.162804,5.34E-07
ASBC,GENZ,8.21E-05,0.134677,5.86E-07
ASBC,GPC,4.13E-05,0.16481,7.07E-07
ASBC,HP,4.38E-05,0.100206,-6.80E-07
ASBC,IR,7.55E-05,0.18821,1.19E-06
ASBC,KBH,5.20E-05,0.0977075,5.39E-07
ASBC,KLAC,8.64E-05,0.106824,3.56E-07
ASBC,LNT,1.72E-05,0.076501,2.21E-07
ASBC,LOW,6.70E-05,0.13851,4.95E-07
ASBC,LRCX,6.78E-05,0.0598121,-4.85E-06
ASBC,LZ,4.47E-05,0.142873,6.74E-07
ASBC,MIK,7.26E-05,0.10911,1.30E-07
ASBC,MMM,3.92E-05,0.137812,4.77E-07
ASBC,MWV,4.63E-05,0.137038,-5.41E-07
ASBC,NDE,7.40E-05,0.144276,-5.45E-07
ASBC,NFG,2.19E-05,0.0933456,4.89E-07
ASBC,NTRS,9.07E-05,0.253613,1.27E-06
ASBC,NYT,5.37E-05,0.153879,7.98E-07
ASBC,ODP,5.48E-05,0.09449,4.51E-07
ASBC,OKE,3.61E-05,0.113538,5.36E-07
ASBC,PKS,1.44E-05,0.0137557,-3.29E-07
ASBC,PMTC,8.55E-05,0.109587,8.42E-07
ASBC,R,4.91E-05,0.1322,1.08E-06
ASBC,RSH,5.43E-05,0.109348,2.18E-07
ASBC,SAFC,6.64E-05,0.194289,8.66E-07
ASBC,SKS,5.56E-05,0.0919689,6.14E-07
ASBC,VZ,2.69E-05,0.0838171,-5.43E-08
ASBC,WPO,2.78E-05,0.1354,2.85E-07
ASBC,XRAY,3.11E-05,0.073852,2.76E-07
ASBC,XRX,5.40E-05,0.10265,-1.04E-07
BBV,BBV,0.000435783,1,3.20E-06
BBV,BOW,7.35E-05,0.166396,8.18E-08
BBV,BXS,3.81E-05,0.0821494,-8.60E-08
BBV,CAJ,8.23E-05,0.184354,8.72E-07
BBV,CCU,0.000101487,0.205642,5.34E-07
BBV,CI,5.22E-05,0.140538,-9.89E-08
BBV,CIN,1.96E-05,0.0793849,-1.94E-07
BBV,CTAS,9.21E-05,0.189625,6.42E-07
BBV,CTL,7.70E-05,0.19098,2.39E-07
BBV,CVC,9.01E-05,0.172983,2.73E-07
BBV,DAL,0.000114207,0.239323,3.61E-07
BBV,DDS,7.22E-05,0.148655,9.50E-07
BBV,DUK,2.65E-05,0.0968842,-3.53E-07
BBV,EIX,4.18E-05,0.0912339,1.32E-07
BBV,ETR,1.38E-05,0.0460627,-2.48E-07
BBV,FISV,9.44E-05,0.176039,1.87E-07
BBV,FNF,6.28E-05,0.122896,1.59E-09
BBV,FRE,7.52E-05,0.176535,2.34E-07
BBV,GENZ,9.04E-05,0.132039,5.74E-07
BBV,GPC,4.93E-05,0.175224,1.10E-07
BBV,HP,5.90E-05,0.120085,-1.28E-07
BBV,IR,0.000114176,0.253461,7.28E-07
BBV,KBH,0.000107797,0.18037,6.01E-07
BBV,KLAC,0.000170727,0.187851,-5.63E-07
BBV,LNT,2.12E-05,0.0842465,-2.97E-07
BBV,LOW,0.000102552,0.188604,9.35E-07
BBV,LRCX,0.000143374,0.112636,-7.20E-06
BBV,LZ,6.43E-05,0.182925,1.63E-07
BBV,MIK,0.000124831,0.166953,6.87E-07
BBV,MMM,6.65E-05,0.208008,2.34E-07
BBV,MWV,8.43E-05,0.22192,4.38E-07
BBV,NDE,6.20E-05,0.107705,4.60E-07
BBV,NFG,3.02E-05,0.114618,-2.40E-07
BBV,NTRS,0.000103659,0.257915,5.23E-07
BBV,NYT,7.95E-05,0.202681,6.06E-07
BBV,ODP,8.99E-05,0.137942,4.05E-07
BBV,OKE,4.34E-05,0.121692,-2.27E-07
BBV,PKS,5.81E-05,0.0493193,1.14E-06
BBV,PMTC,0.000151927,0.173359,1.78E-06
BBV,R,7.47E-05,0.17881,5.80E-07
BBV,RSH,0.000105233,0.188657,1.03E-06
BBV,SAFC,6.81E-05,0.177192,1.54E-07
BBV,SKS,8.30E-05,0.122155,1.97E-06
BBV,VZ,5.61E-05,0.155504,6.04E-07
BBV,WPO,4.86E-05,0.210874,3.46E-07
BBV,XRAY,4.46E-05,0.0942116,5.65E-07
BBV,XRX,0.000103508,0.175,9.20E-07
BOW,BOW,0.000448025,1,6.04E-06
BOW,BXS,3.27E-05,0.0694833,-4.88E-07
BOW,CAJ,3.93E-05,0.0866991,6.28E-07
BOW,CCU,7.57E-05,0.15123,1.12E-07
BOW,CI,7.36E-05,0.195368,6.36E-07
BOW,CIN,2.32E-05,0.0926304,-3.57E-07
BOW,CTAS,7.46E-05,0.151418,4.24E-07
BOW,CTL,5.21E-05,0.127567,-5.73E-07
BOW,CVC,6.44E-05,0.121953,8.50E-08
BOW,DAL,0.000107868,0.222931,3.89E-07
BOW,DDS,0.000101149,0.205371,9.37E-07
BOW,DUK,3.09E-05,0.111499,-1.84E-07
BOW,EIX,4.73E-05,0.101822,-5.94E-07
BOW,ETR,2.68E-05,0.0882731,-3.73E-07
BOW,FISV,6.39E-05,0.117453,1.76E-06
BOW,FNF,5.28E-05,0.101794,-1.86E-07
BOW,FRE,7.33E-05,0.1698,3.78E-07
BOW,GENZ,8.72E-05,0.125548,-6.44E-07
BOW,GPC,4.86E-05,0.17036,-4.91E-07
BOW,HP,7.56E-05,0.151793,1.47E-07
BOW,IR,0.000129943,0.284493,9.34E-07
BOW,KBH,0.000130264,0.214966,4.84E-08
BOW,KLAC,0.000117469,0.127473,4.35E-07
BOW,LNT,2.84E-05,0.111148,1.97E-07
BOW,LOW,9.76E-05,0.177068,-1.26E-08
BOW,LRCX,8.68E-05,0.0672607,-6.11E-06
BOW,LZ,9.01E-05,0.252931,4.29E-07
BOW,MIK,8.86E-05,0.116834,5.55E-07
BOW,MMM,7.67E-05,0.236728,8.90E-07
BOW,MWV,0.000171907,0.446329,2.73E-06
BOW,NDE,5.99E-05,0.10262,1.85E-07
BOW,NFG,3.38E-05,0.126213,-4.86E-08
BOW,NTRS,6.71E-05,0.164679,-6.46E-07
BOW,NYT,7.09E-05,0.178315,6.53E-07
BOW,ODP,9.91E-05,0.14994,1.92E-06
BOW,OKE,4.86E-05,0.134215,5.23E-08
BOW,PKS,5.02E-05,0.0420241,-3.64E-07
BOW,PMTC,0.000115034,0.129455,6.33E-07
BOW,R,0.000105987,0.250212,1.55E-06
BOW,RSH,8.91E-05,0.157614,-7.77E-08
BOW,SAFC,7.41E-05,0.190298,-2.67E-07
BOW,SKS,7.31E-05,0.106146,5.88E-07
BOW,VZ,3.66E-05,0.0999794,-7.23E-08
BOW,WPO,4.28E-05,0.183203,-5.80E-08
BOW,XRAY,4.37E-05,0.0909583,-4.00E-07
BOW,XRX,6.02E-05,0.100438,-1.52E-06
BXS,BXS,0.000494325,1,4.55E-06
BXS,CAJ,2.37E-05,0.0498619,1.96E-07
BXS,CCU,4.72E-05,0.0897787,-5.53E-07
BXS,CI,1.52E-05,0.0385204,-9.52E-09
BXS,CIN,5.18E-06,0.0196542,1.93E-07
BXS,CTAS,4.48E-05,0.0865816,-2.46E-08
BXS,CTL,2.16E-05,0.0503035,7.02E-07
BXS,CVC,2.74E-05,0.0494489,1.16E-06
BXS,DAL,3.45E-05,0.0679408,1.76E-07
BXS,DDS,3.99E-05,0.077033,4.69E-07
BXS,DUK,5.09E-06,0.0175147,2.27E-07
BXS,EIX,4.99E-06,0.010219,6.72E-07
BXS,ETR,-7.50E-06,-0.0234925,4.01E-07
BXS,FISV,3.50E-05,0.0613048,3.44E-07
BXS,FNF,3.33E-05,0.0612525,8.74E-07
BXS,FRE,1.90E-05,0.0419796,9.90E-08
BXS,GENZ,3.77E-05,0.0517428,6.23E-07
BXS,GPC,1.63E-05,0.0544809,-1.14E-08
BXS,HP,2.22E-05,0.0423724,-2.32E-08
BXS,IR,2.18E-05,0.045472,-1.67E-07
BXS,KBH,5.22E-05,0.081995,6.47E-07
BXS,KLAC,9.99E-05,0.103181,7.61E-07
BXS,LNT,1.53E-05,0.0568741,2.53E-07
BXS,LOW,4.62E-05,0.0797278,1.17E-06
BXS,LRCX,0.000113935,0.0840412,2.99E-06
BXS,LZ,2.71E-05,0.0723288,5.69E-07
BXS,MIK,4.77E-05,0.059961,-2.74E-07
BXS,MMM,1.94E-05,0.0568462,-3.36E-07
BXS,MWV,3.79E-05,0.093625,3.28E-07
BXS,NDE,5.15E-05,0.0839647,6.71E-07
BXS,NFG,8.44E-06,0.0300368,-1.76E-07
BXS,NTRS,3.22E-05,0.0752243,-4.64E-07
BXS,NYT,2.28E-05,0.0545305,6.91E-07
BXS,ODP,4.90E-05,0.0706269,-2.97E-07
BXS,OKE,1.78E-05,0.0467634,1.06E-07
BXS,PKS,3.03E-05,0.0241833,1.13E-06
BXS,PMTC,7.61E-05,0.0815034,6.27E-07
BXS,R,2.55E-05,0.0572685,-1.26E-07
BXS,RSH,3.36E-05,0.0564883,1.61E-07
BXS,SAFC,2.52E-05,0.0616585,4.48E-08
BXS,SKS,4.45E-05,0.0615012,-7.54E-07
BXS,VZ,2.02E-05,0.0525271,2.00E-07
BXS,WPO,1.30E-05,0.0530901,1.54E-07
BXS,XRAY,5.29E-06,0.0104882,7.07E-07
BXS,XRX,4.22E-05,0.0669288,5.26E-07
CAJ,CAJ,0.000457877,1,4.82E-06
CAJ,CCU,5.70E-05,0.112738,3.46E-07
CAJ,CI,2.82E-05,0.0739939,5.86E-07
CAJ,CIN,2.58E-06,0.0101592,-6.12E-07
CAJ,CTAS,9.09E-05,0.182554,6.33E-07
CAJ,CTL,4.90E-05,0.11861,7.35E-07
CAJ,CVC,6.89E-05,0.129082,1.38E-06
CAJ,DAL,6.70E-05,0.136904,1.29E-07
CAJ,DDS,6.50E-05,0.130547,8.37E-07
CAJ,DUK,4.69E-06,0.0167471,-7.00E-07
CAJ,EIX,1.03E-05,0.0218658,-1.09E-07
CAJ,ETR,4.41E-06,0.0143483,-2.44E-07
CAJ,FISV,8.22E-05,0.149464,2.84E-07
CAJ,FNF,4.29E-05,0.0819011,5.63E-07
CAJ,FRE,4.93E-05,0.112905,-3.54E-07
CAJ,GENZ,9.15E-05,0.130316,1.06E-06
CAJ,GPC,3.75E-05,0.130041,8.44E-07
CAJ,HP,4.32E-05,0.0856724,-5.92E-08
CAJ,IR,6.13E-05,0.132864,4.77E-07
CAJ,KBH,8.76E-05,0.142957,4.33E-07
CAJ,KLAC,0.000139863,0.150132,1.73E-06
CAJ,LNT,9.22E-06,0.0356759,-2.91E-07
CAJ,LOW,9.46E-05,0.16977,1.35E-06
CAJ,LRCX,0.000157809,0.120948,1.48E-06
CAJ,LZ,3.95E-05,0.109613,4.18E-07
CAJ,MIK,0.000101162,0.131993,-1.08E-07
CAJ,MMM,3.99E-05,0.121717,1.97E-07
CAJ,MWV,4.70E-05,0.120765,3.30E-07
CAJ,NDE,2.92E-05,0.0493842,-1.47E-07
CAJ,NFG,1.79E-05,0.0663594,1.11E-07
CAJ,NTRS,5.87E-05,0.142539,-5.99E-07
CAJ,NYT,5.51E-05,0.136962,7.98E-07
CAJ,ODP,8.63E-05,0.129118,-3.93E-07
CAJ,OKE,3.52E-05,0.0962418,3.66E-07
CAJ,PKS,8.03E-05,0.0665601,1.46E-06
CAJ,PMTC,0.000162293,0.180664,2.98E-06
CAJ,R,3.45E-05,0.0805336,3.17E-07
CAJ,RSH,6.30E-05,0.110158,1.68E-06
CAJ,SAFC,4.36E-05,0.110697,8.57E-07
CAJ,SKS,4.20E-05,0.0602676,5.33E-07
CAJ,VZ,3.87E-05,0.104542,1.93E-08
CAJ,WPO,2.47E-05,0.104683,3.03E-07
CAJ,XRAY,2.71E-05,0.0558616,7.71E-08
CAJ,XRX,7.04E-05,0.116135,4.16E-07
CCU,CCU,0.000558894,1,3.73E-06
CCU,CI,4.71E-05,0.11184,-4.28E-08
CCU,CIN,1.42E-05,0.0506354,-6.36E-07
CCU,CTAS,7.46E-05,0.135537,8.93E-07
CCU,CTL,6.89E-05,0.150871,1.08E-06
CCU,CVC,0.000126527,0.214409,5.68E-07
CCU,DAL,0.000103716,0.191914,5.76E-07
CCU,DDS,8.09E-05,0.147069,3.79E-07
CCU,DUK,1.06E-05,0.0343425,-5.68E-07
CCU,EIX,1.94E-05,0.0373303,-8.17E-07
CCU,ETR,-8.50E-07,-0.00250419,-5.66E-07
CCU,FISV,8.29E-05,0.136423,-3.96E-08
CCU,FNF,6.52E-05,0.11268,-2.52E-07
CCU,FRE,5.78E-05,0.119864,-2.99E-07
CCU,GENZ,0.000107508,0.138642,-1.44E-07
CCU,GPC,3.91E-05,0.122766,-2.89E-07
CCU,HP,5.94E-05,0.106647,4.01E-07
CCU,IR,8.76E-05,0.171675,1.29E-07
CCU,KBH,0.000124744,0.184311,1.02E-06
CCU,KLAC,0.000151414,0.147112,4.33E-07
CCU,LNT,1.78E-05,0.0622122,-6.18E-07
CCU,LOW,0.000136191,0.221169,1.50E-06
CCU,LRCX,0.000191846,0.133084,4.12E-06
CCU,LZ,5.37E-05,0.134865,-9.76E-07
CCU,MIK,0.000119358,0.14096,3.05E-07
CCU,MMM,5.07E-05,0.140081,8.00E-09
CCU,MWV,6.68E-05,0.155353,1.29E-07
CCU,NDE,6.51E-05,0.0997405,-4.48E-07
CCU,NFG,1.86E-05,0.062389,-4.91E-07
CCU,NTRS,8.83E-05,0.193896,5.22E-07
CCU,NYT,8.69E-05,0.195651,5.26E-07
CCU,ODP,0.000108909,0.147507,1.32E-06
CCU,OKE,3.81E-05,0.0941542,-3.26E-07
CCU,PKS,8.59E-05,0.0643948,8.36E-07
CCU,PMTC,0.000136724,0.137761,1.14E-06
CCU,R,6.95E-05,0.1468,1.13E-07
CCU,RSH,0.000121064,0.19165,1.73E-06
CCU,SAFC,4.91E-05,0.112978,1.27E-07
CCU,SKS,9.02E-05,0.117303,2.64E-07
CCU,VZ,4.18E-05,0.102266,4.19E-07
CCU,WPO,4.85E-05,0.185675,3.15E-07
CCU,XRAY,3.51E-05,0.0654076,1.07E-07
CCU,XRX,0.000119419,0.178283,1.28E-06
CI,CI,0.000316709,1,2.15E-06
CI,CIN,4.22E-05,0.200285,3.51E-07
CI,CTAS,5.83E-05,0.140782,7.05E-07
CI,CTL,5.44E-05,0.158318,-5.38E-08
CI,CVC,6.79E-05,0.152945,8.36E-07
CI,DAL,6.88E-05,0.16915,5.79E-07
CI,DDS,7.72E-05,0.186316,6.52E-07
CI,DUK,4.76E-05,0.204295,3.19E-07
CI,EIX,5.57E-05,0.142544,-1.52E-08
CI,ETR,4.51E-05,0.176637,1.91E-07
CI,FISV,6.70E-05,0.146519,1.16E-06
CI,FNF,4.93E-05,0.113146,2.25E-07
CI,FRE,0.000101596,0.279932,1.84E-07
CI,GENZ,8.46E-05,0.144954,8.08E-07
CI,GPC,4.84E-05,0.201701,3.29E-07
CI,HP,5.75E-05,0.13735,2.21E-07
CI,IR,9.37E-05,0.244086,3.96E-07
CI,KBH,0.0001033,0.202751,6.40E-07
CI,KLAC,6.99E-05,0.0902733,1.85E-07
CI,LNT,3.70E-05,0.171865,7.02E-07
CI,LOW,8.55E-05,0.184378,7.37E-07
CI,LRCX,5.36E-05,0.0494012,-9.82E-06
CI,LZ,5.05E-05,0.168412,6.71E-07
CI,MIK,5.90E-05,0.0926331,1.18E-07
CI,MMM,6.78E-05,0.248659,3.88E-07
CI,MWV,7.39E-05,0.228112,5.43E-07
CI,NDE,4.81E-05,0.09804,6.27E-07
CI,NFG,3.34E-05,0.148375,3.78E-07
CI,NTRS,8.09E-05,0.236203,3.68E-07
CI,NYT,5.81E-05,0.17357,1.10E-06
CI,ODP,6.06E-05,0.108991,9.46E-07
CI,OKE,5.29E-05,0.173675,5.40E-07
CI,PKS,4.01E-05,0.0399229,-5.05E-07
CI,PMTC,9.69E-05,0.12967,1.19E-06
CI,R,8.06E-05,0.226381,7.68E-07
CI,RSH,6.98E-05,0.146869,-3.76E-07
CI,SAFC,9.81E-05,0.299472,4.57E-07
CI,SKS,3.57E-05,0.061612,8.58E-08
CI,VZ,5.24E-05,0.170221,5.16E-08
CI,WPO,3.20E-05,0.162807,3.22E-07
CI,XRAY,3.33E-05,0.0823232,-3.88E-08
CI,XRX,6.05E-05,0.119938,2.00E-07
CIN,CIN,0.000140371,1,1.87E-06
CIN,CTAS,3.50E-05,0.126922,8.87E-07
CIN,CTL,2.38E-05,0.104129,-1.04E-07
CIN,CVC,2.55E-05,0.086357,1.94E-07
CIN,DAL,2.66E-05,0.0983944,3.26E-07
CIN,DDS,2.54E-05,0.0922399,-5.56E-08
CIN,DUK,7.75E-05,0.500055,9.71E-07
CIN,EIX,7.71E-05,0.296292,8.72E-07
CIN,ETR,7.33E-05,0.430916,1.08E-06
CIN,FISV,3.50E-05,0.115006,6.22E-07
CIN,FNF,2.62E-05,0.0901816,3.18E-08
CIN,FRE,5.59E-05,0.231383,5.91E-07
CIN,GENZ,3.60E-05,0.0927427,4.85E-07
CIN,GPC,3.24E-05,0.202747,6.42E-07
CIN,HP,3.36E-05,0.120487,8.98E-08
CIN,IR,4.07E-05,0.159333,8.12E-08
CIN,KBH,4.41E-05,0.130066,3.98E-07
CIN,KLAC,1.00E-05,0.0194708,-7.31E-07
CIN,LNT,5.23E-05,0.365448,8.12E-07
CIN,LOW,3.38E-05,0.109446,-6.09E-08
CIN,LRCX,-7.77E-06,-0.0107514,-5.94E-06
CIN,LZ,2.60E-05,0.130549,3.24E-07
CIN,MIK,3.03E-05,0.0715126,-6.39E-07
CIN,MMM,2.84E-05,0.156826,2.73E-07
CIN,MWV,2.93E-05,0.136004,1.98E-08
CIN,NDE,1.76E-05,0.0539487,-1.41E-08
CIN,NFG,3.52E-05,0.235374,4.46E-07
CIN,NTRS,2.96E-05,0.129866,7.82E-07
CIN,NYT,1.70E-05,0.0765539,5.15E-07
CIN,ODP,2.51E-05,0.0677855,-3.41E-07
CIN,OKE,5.01E-05,0.247141,5.08E-07
CIN,PKS,1.33E-05,0.0199323,2.73E-08
CIN,PMTC,3.56E-05,0.0716045,2.56E-07
CIN,R,2.80E-05,0.118207,4.43E-07
CIN,RSH,2.37E-05,0.074896,-2.74E-07
CIN,SAFC,4.18E-05,0.191815,3.02E-07
CIN,SKS,1.07E-05,0.027817,6.30E-07
CIN,VZ,4.22E-05,0.205913,4.81E-07
CIN,WPO,1.91E-05,0.14598,1.19E-07
CIN,XRAY,2.36E-05,0.0878226,2.85E-07
CIN,XRX,2.50E-05,0.0745909,1.74E-08
CTAS,CTAS,0.00054187,1,6.69E-06
CTAS,CTL,7.35E-05,0.163486,1.23E-06
CTAS,CVC,8.43E-05,0.145073,1.18E-06
CTAS,DAL,0.000100681,0.189202,6.57E-07
CTAS,DDS,8.07E-05,0.14907,1.27E-06
CTAS,DUK,4.37E-05,0.143374,4.93E-07
CTAS,EIX,4.13E-05,0.0808515,-3.22E-08
CTAS,ETR,2.26E-05,0.0677962,6.34E-07
CTAS,FISV,0.000165686,0.276968,3.23E-06
CTAS,FNF,9.56E-05,0.16768,1.45E-06
CTAS,FRE,0.000106881,0.225143,1.60E-06
CTAS,GENZ,0.000175446,0.229781,7.48E-07
CTAS,GPC,7.06E-05,0.22497,6.02E-07
CTAS,HP,5.71E-05,0.104205,1.47E-08
CTAS,IR,0.000124325,0.247503,1.66E-06
CTAS,KBH,0.000111418,0.167187,1.17E-06
CTAS,KLAC,0.000259834,0.256386,1.73E-06
CTAS,LNT,4.61E-05,0.164055,8.75E-07
CTAS,LOW,0.000140906,0.232393,1.36E-06
CTAS,LRCX,0.000182858,0.128827,-1.25E-05
CTAS,LZ,7.66E-05,0.19554,6.12E-07
CTAS,MIK,0.00013912,0.166859,1.32E-06
CTAS,MMM,7.63E-05,0.213956,3.99E-07
CTAS,MWV,8.48E-05,0.200102,2.21E-07
CTAS,NDE,7.81E-05,0.121655,4.90E-07
CTAS,NFG,4.34E-05,0.147445,7.08E-07
CTAS,NTRS,0.000126152,0.281483,1.06E-06
CTAS,NYT,7.37E-05,0.168449,1.28E-06
CTAS,ODP,0.000104567,0.143834,4.82E-07
CTAS,OKE,5.58E-05,0.140096,1.08E-06
CTAS,PKS,6.37E-05,0.0484879,2.06E-07
CTAS,PMTC,0.00021501,0.220018,1.97E-06
CTAS,R,8.24E-05,0.176954,1.98E-06
CTAS,RSH,8.43E-05,0.135461,6.91E-07
CTAS,SAFC,9.17E-05,0.214095,1.54E-06
CTAS,SKS,8.22E-05,0.108499,5.85E-07
CTAS,VZ,5.28E-05,0.131234,4.77E-07
CTAS,WPO,5.34E-05,0.207853,1.25E-06
CTAS,XRAY,6.22E-05,0.117732,9.93E-07
CTAS,XRX,8.70E-05,0.131968,6.54E-07
CTL,CTL,0.000372782,1,4.83E-06
CTL,CVC,7.87E-05,0.163336,1.26E-06
CTL,DAL,8.01E-05,0.181369,5.84E-07
CTL,DDS,7.38E-05,0.16435,2.42E-07
CTL,DUK,2.60E-05,0.102932,-5.07E-07
CTL,EIX,4.02E-05,0.0948412,6.51E-08
CTL,ETR,2.03E-05,0.0732838,4.38E-07
CTL,FISV,7.38E-05,0.148765,8.27E-07
CTL,FNF,6.36E-05,0.134452,7.86E-07
CTL,FRE,7.91E-05,0.200763,1.31E-06
CTL,GENZ,7.40E-05,0.116885,1.57E-06
CTL,GPC,5.30E-05,0.203754,1.06E-06
CTL,HP,3.73E-05,0.0820826,-9.63E-07
CTL,IR,7.89E-05,0.189267,2.38E-07
CTL,KBH,0.000100529,0.181869,1.02E-06
CTL,KLAC,0.000112955,0.134376,2.94E-06
CTL,LNT,2.66E-05,0.114047,-1.23E-07
CTL,LOW,0.000116196,0.231049,1.30E-06
CTL,LRCX,0.000198567,0.168663,2.59E-05
CTL,LZ,6.55E-05,0.201546,4.78E-07
CTL,MIK,9.89E-05,0.142956,1.31E-06
CTL,MMM,4.91E-05,0.16597,-4.20E-07
CTL,MWV,6.32E-05,0.179907,-3.15E-07
CTL,NDE,5.88E-05,0.110403,9.18E-07
CTL,NFG,2.51E-05,0.102812,5.20E-07
CTL,NTRS,7.62E-05,0.20504,6.31E-07
CTL,NYT,5.76E-05,0.158794,2.83E-07
CTL,ODP,9.57E-05,0.158627,6.94E-07
CTL,OKE,3.94E-05,0.119271,5.83E-07
CTL,PKS,4.06E-05,0.0372777,9.15E-07
CTL,PMTC,0.00011913,0.146974,3.14E-06
CTL,R,5.96E-05,0.154293,8.41E-09
CTL,RSH,8.72E-05,0.169076,2.05E-06
CTL,SAFC,6.02E-05,0.169387,1.12E-06
CTL,SKS,6.06E-05,0.0964462,5.40E-07
CTL,VZ,7.70E-05,0.230912,6.61E-07
CTL,WPO,3.93E-05,0.18414,3.82E-07
CTL,XRAY,3.14E-05,0.0716933,9.89E-07
CTL,XRX,5.81E-05,0.106233,4.35E-07
CVC,CVC,0.000623088,1,6.04E-06
CVC,DAL,7.46E-05,0.130724,7.34E-08
CVC,DDS,8.49E-05,0.146088,5.58E-07
CVC,DUK,1.84E-05,0.0562369,-3.15E-07
CVC,EIX,2.42E-05,0.0441301,4.91E-07
CVC,ETR,1.31E-05,0.0366123,1.57E-07
CVC,FISV,9.16E-05,0.14287,8.43E-07
CVC,FNF,6.93E-05,0.113437,1.26E-06
CVC,FRE,9.42E-05,0.185128,2.33E-07
CVC,GENZ,0.000132566,0.161911,1.77E-06
CVC,GPC,4.30E-05,0.127916,6.80E-07
CVC,HP,7.40E-05,0.12598,-1.60E-07
CVC,IR,8.45E-05,0.156949,2.71E-07
CVC,KBH,0.000134241,0.187847,1.72E-06
CVC,KLAC,0.000136897,0.125969,2.32E-06
CVC,LNT,2.72E-05,0.0902449,4.95E-07
CVC,LOW,0.000127921,0.196747,1.53E-06
CVC,LRCX,0.000158001,0.103807,8.64E-06
CVC,LZ,5.60E-05,0.133313,5.83E-07
CVC,MIK,0.000121118,0.13547,3.70E-07
CVC,MMM,5.23E-05,0.13672,3.30E-07
CVC,MWV,5.19E-05,0.114301,2.16E-07
CVC,NDE,5.63E-05,0.081685,1.16E-06
CVC,NFG,3.18E-05,0.100976,5.98E-07
CVC,NTRS,8.02E-05,0.166888,3.29E-07
CVC,NYT,7.68E-05,0.163788,1.10E-06
CVC,ODP,0.00011118,0.142616,-5.10E-08
CVC,OKE,4.13E-05,0.0966797,5.67E-07
CVC,PKS,4.14E-05,0.0294208,8.70E-07
CVC,PMTC,0.000145149,0.138511,2.27E-06
CVC,R,6.35E-05,0.127028,3.20E-07
CVC,RSH,0.000108496,0.162667,4.15E-07
CVC,SAFC,5.97E-05,0.130001,1.19E-06
CVC,SKS,5.34E-05,0.0657911,-1.48E-06
CVC,VZ,3.87E-05,0.0898147,-1.81E-07
CVC,WPO,4.88E-05,0.176905,4.05E-07
CVC,XRAY,3.62E-05,0.0639163,1.26E-06
CVC,XRX,0.000102856,0.145431,2.37E-06
DAL,DAL,0.000522572,1,5.36E-06
DAL,DDS,0.000110696,0.208108,3.63E-07
DAL,DUK,3.07E-05,0.102639,7.89E-07
DAL,EIX,6.88E-05,0.137134,1.86E-07
DAL,ETR,1.70E-05,0.0517235,2.06E-07
DAL,FISV,7.77E-05,0.132191,4.83E-07
DAL,FNF,6.28E-05,0.112206,8.01E-07
DAL,FRE,8.80E-05,0.188733,1.14E-06
DAL,GENZ,0.000112186,0.149618,5.76E-07
DAL,GPC,7.28E-05,0.236291,1.56E-07
DAL,HP,2.75E-05,0.0511502,-2.19E-06
DAL,IR,0.000153529,0.311235,1.43E-06
DAL,KBH,0.000162038,0.247592,4.35E-07
DAL,KLAC,0.000160389,0.161156,-1.83E-06
DAL,LNT,2.82E-05,0.102199,5.58E-07
DAL,LOW,0.000160566,0.269664,1.10E-06
DAL,LRCX,0.000181449,0.130173,-5.89E-06
DAL,LZ,8.27E-05,0.214959,4.02E-07
DAL,MIK,0.000140307,0.171361,-5.82E-07
DAL,MMM,8.91E-05,0.254492,3.67E-07
DAL,MWV,0.000113434,0.272699,6.54E-07
DAL,NDE,6.45E-05,0.102302,1.31E-06
DAL,NFG,1.94E-05,0.067134,-6.29E-07
DAL,NTRS,0.000106258,0.24143,6.01E-07
DAL,NYT,8.40E-05,0.195624,8.26E-07
DAL,ODP,0.000117097,0.164017,1.33E-06
DAL,OKE,4.56E-05,0.116524,-3.53E-07
DAL,PKS,0.000113077,0.0876861,-4.49E-07
DAL,PMTC,0.000197396,0.205689,-2.37E-07
DAL,R,0.000113945,0.249075,1.09E-06
DAL,RSH,0.000150136,0.245793,1.96E-06
DAL,SAFC,8.62E-05,0.20506,4.68E-07
DAL,SKS,9.19E-05,0.123589,-3.95E-07
DAL,VZ,5.54E-05,0.140125,9.73E-07
DAL,WPO,4.72E-05,0.18686,5.92E-07
DAL,XRAY,4.66E-05,0.089912,5.38E-07
DAL,XRX,0.000100061,0.154486,1.29E-06
DDS,DDS,0.000541426,1,4.77E-06
DDS,DUK,3.78E-05,0.124331,1.78E-07
DDS,EIX,5.01E-05,0.0979872,1.18E-07
DDS,ETR,3.03E-05,0.0906656,7.59E-09
DDS,FISV,8.27E-05,0.138302,1.04E-06
DDS,FNF,8.13E-05,0.142718,6.41E-07
DDS,FRE,9.11E-05,0.191884,3.21E-07
DDS,GENZ,0.000123656,0.162019,1.24E-06
DDS,GPC,7.60E-05,0.242199,3.26E-07
DDS,HP,6.73E-05,0.12292,-8.86E-09
DDS,IR,0.000113036,0.225122,7.08E-07
DDS,KBH,0.000143714,0.215737,1.01E-06
DDS,KLAC,0.000149266,0.147346,6.37E-07
DDS,LNT,2.80E-05,0.0997512,1.81E-07
DDS,LOW,0.000170676,0.281608,1.46E-06
DDS,LRCX,0.00010851,0.0764786,-6.51E-06
DDS,LZ,7.13E-05,0.182042,6.56E-07
DDS,MIK,0.000133947,0.16072,1.31E-06
DDS,MMM,8.05E-05,0.225928,5.09E-07
DDS,MWV,0.000109603,0.258861,9.08E-07
DDS,NDE,9.00E-05,0.140118,1.49E-07
DDS,NFG,2.49E-05,0.0847254,8.09E-09
DDS,NTRS,9.36E-05,0.208918,5.35E-07
DDS,NYT,9.30E-05,0.212583,5.73E-07
DDS,ODP,0.000136896,0.188381,1.43E-06
DDS,OKE,5.51E-05,0.138402,2.12E-07
DDS,PKS,6.93E-05,0.0528112,6.61E-07
DDS,PMTC,0.000168866,0.17287,1.16E-06
DDS,R,0.000111796,0.240085,1.67E-06
DDS,RSH,0.000142124,0.22859,1.58E-06
DDS,SAFC,7.70E-05,0.179812,3.91E-07
DDS,SKS,0.000152018,0.200822,1.30E-06
DDS,VZ,5.70E-05,0.141759,3.25E-07
DDS,WPO,4.47E-05,0.173871,1.72E-07
DDS,XRAY,5.20E-05,0.0984039,3.98E-07
DDS,XRX,9.04E-05,0.137111,1.12E-06
DUK,DUK,0.000171114,1,1.90E-06
DUK,EIX,0.000100891,0.351206,3.83E-07
DUK,ETR,7.93E-05,0.422496,7.89E-07
DUK,FISV,2.63E-05,0.0781183,1.70E-07
DUK,FNF,1.55E-05,0.0483466,4.41E-07
DUK,FRE,6.82E-05,0.255575,5.96E-07
DUK,GENZ,3.28E-05,0.0763617,3.77E-07
DUK,GPC,3.66E-05,0.207431,4.67E-08
DUK,HP,4.81E-05,0.156127,-6.16E-08
DUK,IR,4.56E-05,0.161439,-1.32E-07
DUK,KBH,5.02E-05,0.13415,-3.11E-09
DUK,KLAC,-2.54E-06,-0.00445254,-1.09E-06
DUK,LNT,5.30E-05,0.335428,7.02E-07
DUK,LOW,3.86E-05,0.113256,5.15E-08
DUK,LRCX,-2.52E-05,-0.0315751,-6.33E-06
DUK,LZ,3.33E-05,0.151325,-5.78E-08
DUK,MIK,2.07E-05,0.0442039,-1.26E-06
DUK,MMM,3.87E-05,0.193347,8.20E-08
DUK,MWV,4.18E-05,0.175725,-8.99E-10
DUK,NDE,2.26E-05,0.062627,3.06E-07
DUK,NFG,4.02E-05,0.242948,3.11E-08
DUK,NTRS,3.40E-05,0.13506,2.66E-07
DUK,NYT,1.85E-05,0.0750705,2.01E-07
DUK,ODP,2.59E-05,0.0635162,1.79E-07
DUK,OKE,4.96E-05,0.221814,1.73E-07
DUK,PKS,1.92E-05,0.0259793,-5.74E-07
DUK,PMTC,2.93E-05,0.0533696,-7.27E-07
DUK,R,3.05E-05,0.116455,1.67E-07
DUK,RSH,2.97E-05,0.0850157,-7.69E-08
DUK,SAFC,3.72E-05,0.154706,1.69E-07
DUK,SKS,5.70E-06,0.0133955,4.43E-10
DUK,VZ,5.23E-05,0.231134,2.60E-08
DUK,WPO,1.89E-05,0.130792,-1.34E-07
DUK,XRAY,2.05E-05,0.0690206,-6.97E-08
DUK,XRX,1.93E-05,0.0521845,-3.49E-07
EIX,EIX,0.000482271,1,3.15E-06
EIX,ETR,9.48E-05,0.300652,8.99E-07
EIX,FISV,3.12E-05,0.0552309,4.79E-07
EIX,FNF,2.88E-05,0.0536083,1.11E-07
EIX,FRE,6.73E-05,0.150261,7.44E-07
EIX,GENZ,2.72E-05,0.0377873,7.92E-07
EIX,GPC,4.55E-05,0.153725,6.67E-07
EIX,HP,4.69E-05,0.0907553,5.20E-07
EIX,IR,7.00E-05,0.147714,-2.42E-07
EIX,KBH,6.64E-05,0.105636,8.09E-07
EIX,KLAC,1.73E-05,0.0180606,1.61E-06
EIX,LNT,5.72E-05,0.215709,2.65E-07
EIX,LOW,4.36E-05,0.0761921,4.03E-07
EIX,LRCX,2.86E-05,0.0213632,-3.81E-07
EIX,LZ,3.68E-05,0.0994398,7.65E-08
EIX,MIK,3.28E-05,0.0417404,-6.53E-07
EIX,MMM,5.42E-05,0.161118,3.86E-07
EIX,MWV,5.74E-05,0.143747,-1.57E-07
EIX,NDE,1.43E-05,0.0235505,-6.76E-08
EIX,NFG,4.19E-05,0.151062,5.76E-07
EIX,NTRS,5.53E-05,0.130842,7.43E-07
EIX,NYT,2.54E-05,0.0614375,3.08E-07
EIX,ODP,4.54E-05,0.0662425,-9.35E-07
EIX,OKE,5.34E-05,0.14223,7.13E-07
EIX,PKS,2.63E-05,0.0212287,5.38E-07
EIX,PMTC,3.66E-05,0.039694,4.95E-07
EIX,R,4.35E-05,0.0989314,2.17E-07
EIX,RSH,6.31E-05,0.107518,-5.65E-08
EIX,SAFC,4.63E-05,0.114713,4.10E-07
EIX,SKS,3.81E-05,0.0533988,1.81E-06
EIX,VZ,4.82E-05,0.127,5.68E-07
EIX,WPO,2.24E-05,0.0924316,-2.54E-07
EIX,XRAY,2.60E-05,0.0521751,3.13E-07
EIX,XRX,3.43E-05,0.0551389,1.07E-06
ETR,ETR,0.000205958,1,1.59E-06
ETR,FISV,1.24E-05,0.0335816,4.35E-07
ETR,FNF,1.86E-05,0.0529274,9.06E-08
ETR,FRE,5.10E-05,0.174246,1.24E-06
ETR,GENZ,2.57E-05,0.0546766,7.74E-07
ETR,GPC,2.52E-05,0.130207,7.32E-07
ETR,HP,3.66E-05,0.108188,-7.33E-08
ETR,IR,2.61E-05,0.0841786,4.35E-09
ETR,KBH,4.42E-05,0.107566,3.87E-07
ETR,KLAC,-1.94E-05,-0.0310706,9.77E-08
ETR,LNT,4.72E-05,0.272213,3.11E-07
ETR,LOW,3.32E-05,0.0888034,9.47E-08
ETR,LRCX,-1.22E-05,-0.0139048,1.74E-06
ETR,LZ,1.77E-05,0.0734236,1.17E-07
ETR,MIK,1.61E-05,0.0312532,-6.08E-07
ETR,MMM,2.44E-05,0.111009,1.69E-07
ETR,MWV,3.13E-05,0.120035,-2.97E-07
ETR,NDE,1.10E-05,0.0277365,-2.39E-07
ETR,NFG,3.59E-05,0.197707,4.06E-07
ETR,NTRS,2.46E-05,0.0891196,6.48E-07
ETR,NYT,2.24E-05,0.0831652,3.40E-07
ETR,ODP,3.01E-05,0.0670846,-4.69E-07
ETR,OKE,4.54E-05,0.18477,4.42E-07
ETR,PKS,5.40E-07,0.000666865,5.00E-09
ETR,PMTC,2.79E-05,0.0462553,5.73E-07
ETR,R,3.15E-05,0.109784,2.74E-07
ETR,RSH,2.15E-05,0.0560138,-1.56E-07
ETR,SAFC,3.17E-05,0.11992,4.51E-07
ETR,SKS,-4.28E-06,-0.00917228,7.16E-07
ETR,VZ,3.69E-05,0.148603,7.25E-07
ETR,WPO,1.57E-05,0.0988237,-9.59E-08
ETR,XRAY,3.04E-05,0.093258,9.41E-08
ETR,XRX,2.35E-05,0.0577648,4.90E-07
FISV,FISV,0.00066042,1,8.86E-06
FISV,FNF,8.02E-05,0.127484,4.17E-07
FISV,FRE,9.00E-05,0.171652,8.94E-07
FISV,GENZ,0.000185635,0.220226,1.92E-06
FISV,GPC,5.04E-05,0.14565,6.68E-07
FISV,HP,5.71E-05,0.0943401,7.62E-07
FISV,IR,8.56E-05,0.154375,1.68E-06
FISV,KBH,9.98E-05,0.135697,2.50E-06
FISV,KLAC,0.000234899,0.209951,2.20E-06
FISV,LNT,3.98E-05,0.128252,1.01E-06
FISV,LOW,0.000117361,0.17533,8.45E-07
FISV,LRCX,0.000173145,0.110495,-9.77E-06
FISV,LZ,6.09E-05,0.140619,1.19E-06
FISV,MIK,0.000111349,0.120972,2.25E-07
FISV,MMM,5.72E-05,0.145423,6.15E-07
FISV,MWV,5.29E-05,0.113178,7.07E-07
FISV,NDE,6.20E-05,0.087387,1.24E-06
FISV,NFG,4.24E-05,0.130438,7.79E-07
FISV,NTRS,0.000107575,0.217423,9.45E-07
FISV,NYT,6.66E-05,0.137902,1.11E-06
FISV,ODP,0.000114249,0.14235,-4.42E-07
FISV,OKE,6.13E-05,0.13957,9.15E-07
FISV,PKS,7.58E-05,0.0522849,-2.15E-07
FISV,PMTC,0.000250377,0.232076,3.10E-06
FISV,R,9.33E-05,0.18151,1.90E-06
FISV,RSH,0.000120074,0.174862,5.25E-08
FISV,SAFC,7.17E-05,0.15164,7.41E-07
FISV,SKS,8.00E-05,0.095673,2.86E-07
FISV,VZ,4.64E-05,0.104518,7.20E-07
FISV,WPO,4.15E-05,0.146148,8.65E-07
FISV,XRAY,7.46E-05,0.12791,4.10E-07
FISV,XRX,9.85E-05,0.135248,9.26E-09
FNF,FNF,0.000599653,1,5.44E-06
FNF,FRE,8.24E-05,0.164956,1.07E-07
FNF,GENZ,6.85E-05,0.0852989,6.58E-07
FNF,GPC,4.29E-05,0.13008,1.90E-07
FNF,HP,4.05E-05,0.0702716,1.71E-07
FNF,IR,5.71E-05,0.108121,4.71E-07
FNF,KBH,0.000124316,0.177325,2.82E-07
FNF,KLAC,0.000105624,0.099073,1.53E-06
FNF,LNT,2.79E-05,0.0942785,4.40E-07
FNF,LOW,9.20E-05,0.144236,1.01E-06
FNF,LRCX,0.000139466,0.0934025,1.26E-05
FNF,LZ,4.06E-05,0.0984467,4.62E-07
FNF,MIK,8.76E-05,0.099887,-1.65E-07
FNF,MMM,3.57E-05,0.0951451,1.50E-07
FNF,MWV,5.65E-05,0.126752,3.91E-07
FNF,NDE,7.64E-05,0.113114,2.04E-06
FNF,NFG,3.34E-05,0.107983,4.30E-07
FNF,NTRS,7.14E-05,0.151521,-1.04E-07
FNF,NYT,5.17E-05,0.112378,4.93E-07
FNF,ODP,8.03E-05,0.104961,9.43E-07
FNF,OKE,4.95E-05,0.118235,1.57E-07
FNF,PKS,2.48E-05,0.017956,-1.84E-07
FNF,PMTC,0.000120273,0.116995,3.10E-07
FNF,R,5.57E-05,0.11363,-1.85E-07
FNF,RSH,0.000101582,0.155247,8.96E-07
FNF,SAFC,6.66E-05,0.147918,1.38E-06
FNF,SKS,8.14E-05,0.102144,-1.29E-06
FNF,VZ,2.50E-05,0.0590343,-1.71E-07
FNF,WPO,3.12E-05,0.115403,9.14E-07
FNF,XRAY,4.17E-05,0.0751126,4.27E-07
FNF,XRX,5.74E-05,0.0827745,7.73E-07
FRE,FRE,0.000415898,1,5.33E-06
FRE,GENZ,0.000122707,0.183441,5.38E-07
FRE,GPC,7.26E-05,0.264283,8.14E-07
FRE,HP,5.90E-05,0.1229,-6.37E-07
FRE,IR,0.000115593,0.262668,5.50E-07
FRE,KBH,0.000160525,0.274943,1.75E-06
FRE,KLAC,0.000115157,0.1297,6.77E-07
FRE,LNT,4.33E-05,0.175875,4.81E-07
FRE,LOW,0.000132237,0.248945,6.45E-07
FRE,LRCX,0.000139181,0.111925,4.86E-06
FRE,LZ,6.26E-05,0.182254,2.04E-07
FRE,MIK,7.80E-05,0.106768,-6.06E-07
FRE,MMM,8.14E-05,0.260637,7.76E-07
FRE,MWV,7.29E-05,0.196483,3.04E-08
FRE,NDE,8.77E-05,0.15582,1.01E-06
FRE,NFG,4.62E-05,0.179169,3.87E-07
FRE,NTRS,0.000124564,0.317251,9.18E-07
FRE,NYT,6.87E-05,0.179308,4.75E-07
FRE,ODP,0.000101302,0.159052,3.30E-07
FRE,OKE,6.37E-05,0.18257,8.04E-07
FRE,PKS,1.80E-05,0.0156861,-5.22E-07
FRE,PMTC,0.000154229,0.180143,6.58E-07
FRE,R,8.72E-05,0.213703,1.08E-06
FRE,RSH,9.63E-05,0.176685,7.49E-07
FRE,SAFC,9.87E-05,0.262954,6.10E-07
FRE,SKS,6.15E-05,0.0926933,1.41E-06
FRE,VZ,8.02E-05,0.227448,1.08E-06
FRE,WPO,4.68E-05,0.207877,-3.02E-08
FRE,XRAY,5.04E-05,0.108931,4.57E-07
FRE,XRX,0.000100293,0.173571,7.79E-07
GENZ,GENZ,0.00107588,1,1.22E-05
GENZ,GPC,6.35E-05,0.143739,1.30E-06
GENZ,HP,6.51E-05,0.0843308,1.16E-06
GENZ,IR,0.000114551,0.161841,3.10E-07
GENZ,KBH,0.000140865,0.150009,1.45E-06
GENZ,KLAC,0.000313073,0.219235,3.29E-06
GENZ,LNT,3.32E-05,0.0837118,-6.54E-07
GENZ,LOW,0.000159898,0.187156,2.51E-07
GENZ,LRCX,0.000319765,0.159879,3.38E-06
GENZ,LZ,7.62E-05,0.1379,3.71E-07
GENZ,MIK,0.000167605,0.142663,2.53E-07
GENZ,MMM,8.52E-05,0.169574,3.91E-07
GENZ,MWV,7.83E-05,0.131171,2.88E-07
GENZ,NDE,0.000120858,0.13353,3.39E-07
GENZ,NFG,4.06E-05,0.0978482,3.40E-07
GENZ,NTRS,0.0001421,0.225018,4.55E-07
GENZ,NYT,6.57E-05,0.106633,-5.92E-07
GENZ,ODP,0.00014984,0.146272,-4.22E-07
GENZ,OKE,8.81E-05,0.156954,7.94E-07
GENZ,PKS,0.000135423,0.0731884,2.64E-08
GENZ,PMTC,0.000341763,0.248193,5.00E-06
GENZ,R,9.03E-05,0.137501,-4.16E-07
GENZ,RSH,0.000117272,0.133805,7.02E-07
GENZ,SAFC,0.000100951,0.167287,8.98E-07
GENZ,SKS,7.25E-05,0.067933,1.40E-06
GENZ,VZ,6.54E-05,0.115415,1.00E-06
GENZ,WPO,6.04E-05,0.166828,3.36E-07
GENZ,XRAY,7.89E-05,0.105966,8.46E-07
GENZ,XRX,0.000114234,0.122917,8.11E-07
GPC,GPC,0.000181663,1,1.94E-06
GPC,HP,4.58E-05,0.144202,-2.75E-07
GPC,IR,9.15E-05,0.314484,6.04E-07
GPC,KBH,8.83E-05,0.228893,4.73E-07
GPC,KLAC,7.95E-05,0.135468,7.77E-07
GPC,LNT,2.50E-05,0.153292,1.47E-07
GPC,LOW,8.48E-05,0.241658,5.10E-07
GPC,LRCX,8.72E-05,0.106094,4.00E-06
GPC,LZ,5.63E-05,0.247869,5.36E-07
GPC,MIK,6.11E-05,0.126658,-2.21E-07
GPC,MMM,6.26E-05,0.303163,4.72E-07
GPC,MWV,7.05E-05,0.287411,-3.94E-08
GPC,NDE,2.88E-05,0.0773277,2.76E-08
GPC,NFG,1.93E-05,0.113511,2.65E-07
GPC,NTRS,6.20E-05,0.238763,9.24E-07
GPC,NYT,5.90E-05,0.232894,2.64E-07
GPC,ODP,5.77E-05,0.137069,-2.66E-07
GPC,OKE,4.02E-05,0.174172,5.41E-07
GPC,PKS,4.59E-05,0.0603234,4.18E-07
GPC,PMTC,8.23E-05,0.145391,7.53E-07
GPC,R,6.38E-05,0.236605,5.03E-07
GPC,RSH,8.11E-05,0.225224,5.29E-07
GPC,SAFC,5.64E-05,0.227499,5.88E-07
GPC,SKS,3.77E-05,0.085878,9.53E-07
GPC,VZ,4.73E-05,0.203086,6.93E-07
GPC,WPO,3.24E-05,0.217732,1.76E-07
GPC,XRAY,3.38E-05,0.110602,3.09E-07
GPC,XRX,5.61E-05,0.146989,6.61E-07
HP,HP,0.000554233,1,6.58E-06
HP,IR,9.31E-05,0.183283,-5.28E-07
HP,KBH,9.85E-05,0.14608,8.67E-07
HP,KLAC,0.000123162,0.120164,3.23E-06
HP,LNT,3.06E-05,0.107747,-6.09E-09
HP,LOW,7.25E-05,0.11829,7.40E-07
HP,LRCX,7.69E-05,0.053559,-3.68E-06
HP,LZ,5.57E-05,0.140447,-1.45E-07
HP,MIK,0.000118494,0.140527,9.68E-07
HP,MMM,6.85E-05,0.190066,5.32E-07
HP,MWV,7.10E-05,0.165714,-5.00E-08
HP,NDE,4.02E-05,0.0618779,-7.05E-07
HP,NFG,7.29E-05,0.245004,9.81E-07
HP,NTRS,7.55E-05,0.166565,2.08E-07
HP,NYT,4.50E-05,0.101601,-2.86E-07
HP,ODP,7.21E-05,0.0980415,1.10E-06
HP,OKE,8.97E-05,0.222785,7.37E-07
HP,PKS,5.36E-05,0.0403493,4.65E-07
HP,PMTC,0.000118479,0.119879,1.38E-06
HP,R,6.48E-05,0.137491,-4.98E-07
HP,RSH,6.34E-05,0.100758,6.18E-08
HP,SAFC,6.35E-05,0.146717,1.56E-07
HP,SKS,6.01E-05,0.0784974,5.80E-07
HP,VZ,2.77E-05,0.0679996,-1.01E-06
HP,WPO,3.54E-05,0.136297,-1.37E-07
HP,XRAY,4.10E-05,0.0767141,-7.96E-09
HP,XRX,7.83E-05,0.117402,1.15E-06
IR,IR,0.000465649,1,4.42E-06
IR,KBH,0.000167524,0.27117,5.99E-07
IR,KLAC,0.000170529,0.181515,1.28E-07
IR,LNT,3.80E-05,0.145571,4.61E-07
IR,LOW,0.000145152,0.258247,6.23E-07
IR,LRCX,0.000135156,0.102718,-1.25E-05
IR,LZ,0.000103351,0.28443,7.52E-07
IR,MIK,0.000139677,0.180719,1.52E-06
IR,MMM,0.000109207,0.330542,9.85E-07
IR,MWV,0.000135648,0.345458,1.01E-06
IR,NDE,7.98E-05,0.133934,6.45E-07
IR,NFG,4.55E-05,0.167034,-5.43E-08
IR,NTRS,0.00010952,0.263613,2.83E-07
IR,NYT,0.000100673,0.248228,1.09E-06
IR,ODP,0.000123201,0.182811,7.73E-07
IR,OKE,6.79E-05,0.184052,2.57E-07
IR,PKS,5.32E-05,0.0436732,-5.49E-08
IR,PMTC,0.000168532,0.186037,-7.04E-07
IR,R,0.000133372,0.308846,1.44E-06
IR,RSH,0.000128109,0.222182,3.80E-07
IR,SAFC,9.70E-05,0.244267,8.33E-07
IR,SKS,8.60E-05,0.122446,2.96E-08
IR,VZ,5.57E-05,0.149443,-3.44E-07
IR,WPO,6.27E-05,0.263152,9.33E-07
IR,XRAY,6.82E-05,0.139308,8.10E-07
IR,XRX,9.35E-05,0.15297,2.76E-07
KBH,KBH,0.000819617,1,5.67E-06
KBH,KLAC,0.000210634,0.168993,2.28E-06
KBH,LNT,3.99E-05,0.115467,4.27E-07
KBH,LOW,0.000188641,0.252972,1.52E-06
KBH,LRCX,0.000228701,0.13101,-4.62E-07
KBH,LZ,9.62E-05,0.199457,3.89E-07
KBH,MIK,0.000167315,0.163168,3.75E-07
KBH,MMM,0.000101291,0.231085,5.61E-07
KBH,MWV,0.000124113,0.238245,2.73E-07
KBH,NDE,0.000100061,0.126661,1.71E-06
KBH,NFG,5.90E-05,0.162991,4.41E-07
KBH,NTRS,0.000116986,0.212242,9.01E-07
KBH,NYT,0.000113518,0.210972,9.91E-07
KBH,ODP,0.000153138,0.171275,2.56E-07
KBH,OKE,7.93E-05,0.162056,8.14E-07
KBH,PKS,0.000102635,0.0635508,6.81E-08
KBH,PMTC,0.000235382,0.195846,3.26E-06
KBH,R,0.000143846,0.251074,1.07E-06
KBH,RSH,0.00016968,0.221811,1.30E-06
KBH,SAFC,0.000118375,0.224743,5.52E-07
KBH,SKS,8.94E-05,0.0959884,9.31E-07
KBH,VZ,7.19E-05,0.145248,7.41E-07
KBH,WPO,6.33E-05,0.200254,4.14E-07
KBH,XRAY,6.14E-05,0.0944464,6.64E-07
KBH,XRX,0.00012456,0.153558,6.04E-07
KLAC,KLAC,0.00189544,1,1.82E-05
KLAC,LNT,1.49E-05,0.028385,-3.99E-07
KLAC,LOW,0.000201251,0.17747,1.70E-06
KLAC,LRCX,0.00111885,0.42146,2.58E-05
KLAC,LZ,0.000100774,0.137462,4.18E-07
KLAC,MIK,0.000278353,0.178504,3.76E-06
KLAC,MMM,9.48E-05,0.142293,2.96E-07
KLAC,MWV,0.000100672,0.127077,-8.50E-07
KLAC,NDE,0.000151366,0.125996,-1.28E-06
KLAC,NFG,4.17E-05,0.0757515,1.26E-06
KLAC,NTRS,0.000140383,0.16748,6.68E-07
KLAC,NYT,9.53E-05,0.116471,-8.97E-07
KLAC,ODP,0.000158704,0.116721,-5.97E-07
KLAC,OKE,5.58E-05,0.0749282,1.31E-06
KLAC,PKS,8.37E-05,0.0340608,1.93E-06
KLAC,PMTC,0.000539955,0.295426,6.09E-06
KLAC,R,0.000120077,0.137821,-4.43E-07
KLAC,RSH,0.000208033,0.178828,1.30E-06
KLAC,SAFC,0.000107793,0.134577,2.10E-06
KLAC,SKS,0.000117103,0.0826796,1.46E-06
KLAC,VZ,4.87E-05,0.064666,-7.41E-07
KLAC,WPO,6.59E-05,0.13712,-2.22E-07
KLAC,XRAY,7.95E-05,0.0804506,-8.11E-07
KLAC,XRX,0.000224024,0.18161,2.75E-06
LNT,LNT,0.000145962,1,1.45E-06
LNT,LOW,3.02E-05,0.0959845,-2.26E-08
LNT,LRCX,-1.32E-05,-0.0179077,-1.10E-05
LNT,LZ,2.94E-05,0.144375,7.38E-07
LNT,MIK,3.04E-05,0.0701637,-1.82E-07
LNT,MMM,2.24E-05,0.121244,2.12E-07
LNT,MWV,2.89E-05,0.131533,4.11E-07
LNT,NDE,1.27E-05,0.0381382,6.56E-07
LNT,NFG,3.70E-05,0.242206,5.21E-07
LNT,NTRS,3.78E-05,0.162655,5.97E-07
LNT,NYT,2.39E-05,0.105404,4.81E-07
LNT,ODP,2.58E-05,0.0685009,8.62E-07
LNT,OKE,4.52E-05,0.218665,3.28E-07
LNT,PKS,3.91E-05,0.0573794,-3.92E-07
LNT,PMTC,4.27E-05,0.0841444,-2.81E-07
LNT,R,3.20E-05,0.132415,8.99E-07
LNT,RSH,1.80E-05,0.055612,-3.79E-07
LNT,SAFC,3.25E-05,0.146384,3.94E-07
LNT,SKS,1.47E-05,0.0372789,-8.03E-07
LNT,VZ,3.26E-05,0.156001,-2.80E-08
LNT,WPO,2.39E-05,0.179443,2.35E-07
LNT,XRAY,2.43E-05,0.0887517,3.86E-07
LNT,XRX,1.49E-05,0.043547,-7.28E-07
LOW,LOW,0.000678447,1,5.46E-06
LOW,LRCX,0.000248172,0.156256,7.48E-06
LOW,LZ,8.62E-05,0.196531,1.33E-07
LOW,MIK,0.000179909,0.192842,1.51E-06
LOW,MMM,8.73E-05,0.218947,7.14E-07
LOW,MWV,9.73E-05,0.20538,5.81E-07
LOW,NDE,0.000108608,0.151108,3.81E-07
LOW,NFG,3.01E-05,0.0915732,-1.58E-07
LOW,NTRS,0.000126228,0.25171,1.28E-07
LOW,NYT,0.000102153,0.208671,1.50E-06
LOW,ODP,0.000197002,0.242174,8.03E-07
LOW,OKE,5.25E-05,0.117778,6.91E-07
LOW,PKS,6.53E-05,0.0444747,1.27E-06
LOW,PMTC,0.000214448,0.196115,9.80E-07
LOW,R,0.000113182,0.217135,9.05E-07
LOW,RSH,0.000202017,0.29026,3.00E-06
LOW,SAFC,1.00E-04,0.208644,9.56E-07
LOW,SKS,0.00013949,0.164616,2.82E-07
LOW,VZ,6.65E-05,0.147718,6.13E-08
LOW,WPO,5.35E-05,0.185837,4.82E-07
LOW,XRAY,5.53E-05,0.093537,6.55E-07
LOW,XRX,0.000120571,0.163375,1.93E-06
LRCX,LRCX,0.00371808,1,0.000541459
LRCX,LZ,9.20E-05,0.0896403,-4.63E-06
LRCX,MIK,0.000246296,0.112773,-2.27E-06
LRCX,MMM,8.08E-05,0.0865938,-4.95E-06
LRCX,MWV,9.22E-05,0.0831289,-7.11E-06
LRCX,NDE,0.000156485,0.0930031,6.88E-07
LRCX,NFG,5.90E-05,0.0766046,1.69E-06
LRCX,NTRS,9.98E-05,0.0850263,-1.07E-05
LRCX,NYT,9.73E-05,0.0848662,-9.01E-06
LRCX,ODP,0.000133952,0.0703403,-1.36E-05
LRCX,OKE,6.90E-05,0.0661925,-2.28E-06
LRCX,PKS,9.91E-05,0.0288062,1.52E-06
LRCX,PMTC,0.000602705,0.235446,1.51E-05
LRCX,R,8.02E-05,0.0657377,-1.59E-05
LRCX,RSH,0.000287081,0.176199,1.89E-05
LRCX,SAFC,9.50E-05,0.0846913,1.10E-06
LRCX,SKS,0.000134472,0.0677887,-6.32E-06
LRCX,VZ,7.88E-05,0.0748056,4.46E-06
LRCX,WPO,6.23E-05,0.0924368,-3.19E-07
LRCX,XRAY,9.73E-05,0.0702774,-3.16E-06
LRCX,XRX,0.000252833,0.146343,4.63E-06
LZ,LZ,0.000283544,1,3.15E-06
LZ,MIK,8.65E-05,0.143422,1.20E-07
LZ,MMM,6.60E-05,0.25593,7.31E-07
LZ,MWV,9.10E-05,0.297075,4.63E-07
LZ,NDE,5.07E-05,0.109092,5.13E-07
LZ,NFG,2.78E-05,0.130529,4.59E-07
LZ,NTRS,6.73E-05,0.207624,3.16E-07
LZ,NYT,5.15E-05,0.162686,3.28E-07
LZ,ODP,7.33E-05,0.139408,7.72E-07
LZ,OKE,4.21E-05,0.14601,2.33E-07
LZ,PKS,3.70E-05,0.0389003,-2.99E-07
LZ,PMTC,0.000105754,0.149601,5.36E-07
LZ,R,7.15E-05,0.212158,1.23E-06
LZ,RSH,7.61E-05,0.169088,-6.14E-07
LZ,SAFC,6.00E-05,0.193608,5.62E-07
LZ,SKS,6.95E-05,0.126923,-3.00E-09
LZ,VZ,3.80E-05,0.130651,2.19E-07
LZ,WPO,3.44E-05,0.185152,7.11E-08
LZ,XRAY,4.71E-05,0.123182,8.20E-07
LZ,XRX,3.36E-05,0.0704734,-6.66E-07
MIK,MIK,0.00128288,1,9.82E-06
MIK,MMM,8.40E-05,0.153125,-1.03E-07
MIK,MWV,8.63E-05,0.132446,2.29E-07
MIK,NDE,0.000105074,0.106313,1.10E-06
MIK,NFG,5.35E-05,0.118125,-4.22E-08
MIK,NTRS,0.000113768,0.164979,4.05E-07
MIK,NYT,9.66E-05,0.143444,4.62E-07
MIK,ODP,0.000138264,0.123603,1.34E-06
MIK,OKE,4.28E-05,0.0698719,7.11E-07
MIK,PKS,0.000111579,0.055223,1.33E-06
MIK,PMTC,0.000281329,0.187097,6.50E-07
MIK,R,0.000104477,0.145759,4.45E-07
MIK,RSH,0.000160341,0.167537,1.41E-06
MIK,SAFC,6.76E-05,0.102654,7.01E-07
MIK,SKS,0.000144105,0.123672,3.91E-07
MIK,VZ,3.41E-05,0.055047,-7.19E-07
MIK,WPO,5.97E-05,0.15093,3.80E-07
MIK,XRAY,6.11E-05,0.0751889,-7.00E-08
MIK,XRX,0.00017668,0.174098,8.20E-07
MMM,MMM,0.000234415,1,1.84E-06
MMM,MWV,9.79E-05,0.351247,7.83E-07
MMM,NDE,4.15E-05,0.0981476,1.04E-07
MMM,NFG,2.75E-05,0.142267,8.33E-08
MMM,NTRS,7.82E-05,0.265408,5.73E-07
MMM,NYT,5.85E-05,0.203416,6.28E-07
MMM,ODP,5.61E-05,0.11732,5.32E-07
MMM,OKE,4.63E-05,0.176982,3.61E-07
MMM,PKS,4.11E-05,0.0475402,-2.72E-07
MMM,PMTC,0.000111055,0.17278,6.10E-08
MMM,R,7.75E-05,0.252975,8.88E-07
MMM,RSH,8.29E-05,0.20267,1.85E-07
MMM,SAFC,6.27E-05,0.222496,4.24E-07
MMM,SKS,5.54E-05,0.111155,6.54E-07
MMM,VZ,5.14E-05,0.194099,1.60E-07
MMM,WPO,3.52E-05,0.208377,-2.68E-08
MMM,XRAY,3.40E-05,0.0978795,2.01E-08
MMM,XRX,5.70E-05,0.131486,3.78E-07
MWV,MWV,0.000331112,1,3.57E-06
MWV,NDE,4.35E-05,0.086623,4.00E-07
MWV,NFG,3.16E-05,0.137481,-3.05E-07
MWV,NTRS,7.62E-05,0.217628,3.31E-09
MWV,NYT,7.24E-05,0.211674,7.63E-07
MWV,ODP,9.57E-05,0.168404,2.05E-06
MWV,OKE,5.61E-05,0.180246,-1.04E-07
MWV,PKS,5.21E-05,0.0507488,-4.74E-07
MWV,PMTC,0.000117466,0.15377,5.28E-07
MWV,R,0.000102821,0.28236,1.33E-06
MWV,RSH,9.16E-05,0.18835,-3.49E-08
MWV,SAFC,6.80E-05,0.203196,-1.01E-07
MWV,SKS,6.59E-05,0.111313,5.77E-07
MWV,VZ,4.94E-05,0.157111,7.31E-07
MWV,WPO,4.66E-05,0.231749,5.86E-07
MWV,XRAY,3.74E-05,0.0906335,6.12E-07
MWV,XRX,6.72E-05,0.130336,-5.68E-07
NDE,NDE,0.000761434,1,5.75E-06
NDE,NFG,2.53E-05,0.0726208,3.86E-07
NDE,NTRS,8.98E-05,0.168948,7.48E-08
NDE,NYT,4.84E-05,0.093278,1.18E-06
NDE,ODP,9.02E-05,0.104689,4.57E-07
NDE,OKE,3.25E-05,0.0688419,5.22E-07
NDE,PKS,3.70E-05,0.0237581,-7.54E-07
NDE,PMTC,0.000134967,0.116508,2.70E-07
NDE,R,6.46E-05,0.116951,1.33E-07
NDE,RSH,7.56E-05,0.102471,1.30E-06
NDE,SAFC,6.39E-05,0.125872,2.93E-07
NDE,SKS,5.44E-05,0.0606393,-1.32E-06
NDE,VZ,3.14E-05,0.0658174,2.72E-07
NDE,WPO,3.49E-05,0.114557,4.14E-07
NDE,XRAY,3.61E-05,0.0575793,8.38E-07
NDE,XRX,6.01E-05,0.0768615,-3.33E-07
NFG,NFG,0.000159651,1,1.88E-06
NFG,NTRS,3.57E-05,0.146829,3.39E-07
NFG,NYT,2.43E-05,0.10215,-4.33E-08
NFG,ODP,1.85E-05,0.0469898,-1.26E-07
NFG,OKE,5.31E-05,0.245926,7.83E-07
NFG,PKS,-2.34E-05,-0.0327726,-2.85E-07
NFG,PMTC,5.90E-05,0.111307,1.31E-06
NFG,R,3.85E-05,0.152336,7.91E-08
NFG,RSH,2.65E-05,0.0785641,2.15E-08
NFG,SAFC,3.33E-05,0.143074,8.26E-07
NFG,SKS,2.22E-05,0.0539187,-9.84E-07
NFG,VZ,2.37E-05,0.108416,-4.18E-07
NFG,WPO,2.43E-05,0.17436,1.63E-07
NFG,XRAY,2.20E-05,0.0767408,8.62E-08
NFG,XRX,3.11E-05,0.0868229,2.08E-07
NTRS,NTRS,0.000370674,1,4.08E-06
NTRS,NYT,7.61E-05,0.210366,8.30E-07
NTRS,ODP,9.16E-05,0.15229,1.36E-06
NTRS,OKE,5.38E-05,0.163354,3.49E-07
NTRS,PKS,4.10E-05,0.0377879,-7.13E-09
NTRS,PMTC,0.000171974,0.212772,3.73E-07
NTRS,R,9.09E-05,0.235805,1.06E-06
NTRS,RSH,0.00011827,0.229898,1.84E-07
NTRS,SAFC,0.000108059,0.305069,3.93E-07
NTRS,SKS,8.54E-05,0.136326,8.16E-07
NTRS,VZ,5.84E-05,0.175507,1.28E-06
NTRS,WPO,4.25E-05,0.199845,2.36E-07
NTRS,XRAY,5.30E-05,0.121254,2.21E-07
NTRS,XRX,9.14E-05,0.167507,1.60E-06
NYT,NYT,0.000353237,1,3.60E-06
NYT,ODP,9.21E-05,0.156939,4.89E-07
NYT,OKE,4.32E-05,0.134516,6.51E-07
NYT,PKS,4.64E-05,0.0437712,5.39E-07
NYT,PMTC,0.000113603,0.14398,8.21E-07
NYT,R,8.19E-05,0.217786,1.16E-06
NYT,RSH,9.57E-05,0.190465,6.12E-07
NYT,SAFC,5.57E-05,0.160941,7.77E-07
NYT,SKS,5.89E-05,0.0963983,2.69E-07
NYT,VZ,5.36E-05,0.165134,6.15E-08
NYT,WPO,5.34E-05,0.257341,5.77E-07
NYT,XRAY,2.73E-05,0.0640651,2.81E-07
NYT,XRX,7.62E-05,0.143183,8.90E-07
ODP,ODP,0.000975371,1,8.90E-06
ODP,OKE,3.04E-05,0.0569749,-2.29E-07
ODP,PKS,0.000120763,0.0685455,-1.97E-07
ODP,PMTC,0.000186022,0.141881,-2.97E-07
ODP,R,0.000125195,0.200313,1.74E-06
ODP,RSH,0.000172486,0.206693,1.20E-06
ODP,SAFC,8.66E-05,0.150648,2.92E-07
ODP,SKS,0.000119447,0.117565,4.77E-07
ODP,VZ,5.55E-05,0.102837,-1.92E-07
ODP,WPO,5.01E-05,0.145129,2.92E-07
ODP,XRAY,7.80E-05,0.110093,9.07E-07
ODP,XRX,0.000113655,0.128441,-5.24E-07
OKE,OKE,0.000292515,1,2.36E-06
OKE,PKS,4.35E-05,0.0451113,1.97E-07
OKE,PMTC,9.06E-05,0.126215,1.03E-06
OKE,R,4.57E-05,0.133406,5.73E-07
OKE,RSH,4.33E-05,0.094645,4.52E-07
OKE,SAFC,5.83E-05,0.185217,8.78E-07
OKE,SKS,2.17E-05,0.0389977,3.72E-07
OKE,VZ,4.52E-05,0.152986,-1.70E-07
OKE,WPO,2.34E-05,0.123713,1.06E-07
OKE,XRAY,3.01E-05,0.0775685,3.96E-07
OKE,XRX,3.94E-05,0.0813183,-2.04E-07
PKS,PKS,0.00318229,1,4.17E-06
PKS,PMTC,0.000199537,0.084256,1.61E-06
PKS,R,5.99E-05,0.0530912,-1.13E-07
PKS,RSH,5.11E-05,0.0339177,1.64E-06
PKS,SAFC,3.75E-05,0.0361668,4.36E-07
PKS,SKS,5.97E-05,0.0325095,1.47E-06
PKS,VZ,3.12E-05,0.0319655,-7.59E-07
PKS,WPO,2.02E-05,0.0324651,5.80E-08
PKS,XRAY,2.03E-06,0.00158209,-9.63E-08
PKS,XRX,7.96E-05,0.0498245,1.62E-06
PMTC,PMTC,0.00176241,1,1.54E-05
PMTC,R,0.000163367,0.194455,9.80E-07
PMTC,RSH,0.00021533,0.191959,1.76E-06
PMTC,SAFC,0.000132523,0.171582,1.36E-06
PMTC,SKS,0.000127202,0.0931379,-6.43E-07
PMTC,VZ,7.35E-05,0.101371,1.28E-06
PMTC,WPO,8.28E-05,0.178551,5.76E-07
PMTC,XRAY,0.000120483,0.126454,-2.56E-07
PMTC,XRX,0.000202767,0.170468,1.99E-06
R,R,0.000400482,1,3.78E-06
R,RSH,0.000104687,0.195775,1.88E-07
R,SAFC,7.49E-05,0.203564,6.17E-07
R,SKS,6.35E-05,0.0975865,6.02E-07
R,VZ,4.40E-05,0.127139,3.68E-07
R,WPO,4.39E-05,0.198479,4.76E-07
R,XRAY,4.69E-05,0.103168,7.08E-07
R,XRX,9.87E-05,0.17407,-2.15E-07
RSH,RSH,0.000713978,1,6.81E-06
RSH,SAFC,6.58E-05,0.133844,7.97E-07
RSH,SKS,0.000157122,0.180751,5.26E-07
RSH,VZ,7.12E-05,0.154241,4.05E-07
RSH,WPO,4.58E-05,0.155069,5.04E-07
RSH,XRAY,7.16E-05,0.118054,6.31E-08
RSH,XRX,0.000151619,0.200268,1.48E-06
SAFC,SAFC,0.000338481,1,2.11E-06
SAFC,SKS,5.02E-05,0.0838411,-1.05E-07
SAFC,VZ,5.26E-05,0.165539,-3.95E-07
SAFC,WPO,3.50E-05,0.172185,5.26E-07
SAFC,XRAY,5.58E-05,0.133524,3.88E-07
SAFC,XRX,5.16E-05,0.0990232,1.18E-06
SKS,SKS,0.00105835,1,1.47E-05
SKS,VZ,1.53E-05,0.027257,8.73E-07
SKS,WPO,2.99E-05,0.0831786,-3.04E-07
SKS,XRAY,5.91E-05,0.080074,1.45E-07
SKS,XRX,8.06E-05,0.0874117,-4.16E-07
VZ,VZ,0.000298663,1,3.86E-06
VZ,WPO,2.44E-05,0.127758,6.03E-08
VZ,XRAY,2.46E-05,0.0626131,7.86E-07
VZ,XRX,4.70E-05,0.0960627,2.46E-07
WPO,WPO,0.000121999,1,1.26E-06
WPO,XRAY,3.49E-05,0.139396,3.74E-07
WPO,XRX,4.49E-05,0.14357,4.85E-07
XRAY,XRAY,0.000515091,1,3.95E-06
XRAY,XRX,6.39E-05,0.0994006,4.68E-08
XRX,XRX,0.000802788,1,8.71E-06